{"cameraMode":{"drawMode":0,"name":"Shaded","section":"Shading Mode"},"sceneLighting":false,"audioPlay":false,"sceneViewState":{"showFog":true,"showMaterialUpdate":false,"showSkybox":false,"showFlares":true,"showImageEffects":true,"showParticleSystems":true},"in2DMode":false,"pivot":{"x":-34.24844741821289,"y":3.662334680557251,"z":112.16078186035156},"rotation":{"x":0.07321757823228836,"y":-0.9235860705375671,"z":0.3040013313293457,"w":0.22219011187553407},"size":8.544379234313965,"orthographic":false}